ID;name;description;value_percent
1;name_1;description of name_1;99,57
2;name_2;description of name_2;88,78
3;name_3;description of name_3;17,7
4;name_4;description of name_4;33,69
5;name_5;description of name_5;26,25
6;name_6;description of name_6;81,38
7;name_7;description of name_7;23,96
8;name_8;description of name_8;92,42
9;name_9;description of name_9;24,45
10;name_10;description of name_10;64,27
11;name_11;description of name_11;71,25
12;name_12;description of name_12;52,94
13;name_13;description of name_13;42,99
14;name_14;description of name_14;35,7
15;name_15;description of name_15;39,28
16;name_16;description of name_16;72,99
17;name_17;description of name_17;26,21
18;name_18;description of name_18;47,29
19;name_19;description of name_19;8,54
20;name_20;description of name_20;5,67
21;name_21;description of name_21;21,35
22;name_22;description of name_22;99,92
23;name_23;description of name_23;44,18
24;name_24;description of name_24;46,88
25;name_25;description of name_25;81,93